word,df,df_ratio,tf_avg,idf,tfidf_avg
polisi,1003,0.67,0.1092,1.4001,0.0732
lihat,208,0.1389,0.2086,2.9696,0.029
hukum,127,0.0848,0.2821,3.4599,0.0239
rakyat,119,0.0795,0.2905,3.5244,0.0231
percaya,99,0.0661,0.3332,3.7067,0.022
masyarakat,110,0.0735,0.2997,3.6024,0.022
kalau,120,0.0802,0.2721,3.5161,0.0218
adil,94,0.0628,0.3418,3.758,0.0215
takut,99,0.0661,0.3234,3.7067,0.0214
jadi,113,0.0755,0.2689,3.5757,0.0203
kasih,99,0.0661,0.304,3.7067,0.0201
kerja,101,0.0675,0.2904,3.6869,0.0196
terima,92,0.0615,0.3168,3.7793,0.0195
aman,98,0.0655,0.2885,3.7168,0.0189
tugas,105,0.0701,0.2628,3.6484,0.0184
jaga,98,0.0655,0.2717,3.7168,0.0178
lebih,100,0.0668,0.2631,3.6968,0.0176
baik,73,0.0488,0.3545,4.0078,0.0173
jalan,98,0.0655,0.2592,3.7168,0.017
bantu,99,0.0661,0.2534,3.7067,0.0168
lapor,85,0.0568,0.2866,3.8575,0.0163
rasa,82,0.0548,0.2977,3.893,0.0163
selalu,73,0.0488,0.3239,4.0078,0.0158
kasus,76,0.0508,0.307,3.9681,0.0156
pak,64,0.0428,0.3612,4.1375,0.0154
malah,79,0.0528,0.2834,3.9299,0.015
benar,68,0.0454,0.3272,4.0778,0.0149
jujur,59,0.0394,0.3776,4.2175,0.0149
kecewa,54,0.0361,0.3996,4.3046,0.0144
lalu,87,0.0581,0.2418,3.8345,0.0141
buat,69,0.0461,0.2996,4.0634,0.0138
makin,53,0.0354,0.3904,4.3229,0.0138
banyak,71,0.0474,0.2876,4.0352,0.0136
sama,61,0.0407,0.3134,4.1848,0.0128
kinerja,45,0.0301,0.3982,4.4832,0.012
bukan,60,0.0401,0.2985,4.201,0.012
tetap,55,0.0367,0.308,4.2865,0.0113
tegak,42,0.0281,0.3904,4.5507,0.011
lindung,43,0.0287,0.3839,4.5277,0.011
laku,49,0.0327,0.3373,4.3999,0.011
warga,61,0.0407,0.2676,4.1848,0.0109
sangat,59,0.0394,0.2719,4.2175,0.0107
cepat,52,0.0347,0.2994,4.3416,0.0104
tindak,44,0.0294,0.3488,4.5052,0.0103
terus,40,0.0267,0.3717,4.5983,0.0099
harap,35,0.0234,0.4175,4.7284,0.0098
bikin,42,0.0281,0.3429,4.5507,0.0096
layan,46,0.0307,0.3044,4.4617,0.0094
pernah,53,0.0354,0.2667,4.3229,0.0094
sering,50,0.0334,0.2815,4.3801,0.0094
semua,41,0.0274,0.3395,4.5742,0.0093
hilang,43,0.0287,0.3237,4.5277,0.0093
hadir,43,0.0287,0.3246,4.5277,0.0093
tangan,41,0.0274,0.3362,4.5742,0.0092
salah,41,0.0274,0.3375,4.5742,0.0092
lintas,50,0.0334,0.2557,4.3801,0.0085
beri,44,0.0294,0.2886,4.5052,0.0085
waktu,45,0.0301,0.2781,4.4832,0.0084
banget,36,0.024,0.3491,4.701,0.0084
atur,41,0.0274,0.3027,4.5742,0.0083
kali,38,0.0254,0.3283,4.6483,0.0083
malam,43,0.0287,0.2869,4.5277,0.0082
proses,39,0.0261,0.3148,4.623,0.0082
besar,38,0.0254,0.3229,4.6483,0.0082
patroli,41,0.0274,0.29,4.5742,0.0079
datang,41,0.0274,0.2864,4.5742,0.0078
cuma,38,0.0254,0.3069,4.6483,0.0078
kecil,32,0.0214,0.3502,4.8154,0.0075
yakin,24,0.016,0.4584,5.093,0.0073
butuh,27,0.018,0.3966,4.9797,0.0072
ikut,37,0.0247,0.291,4.6743,0.0072
dekat,35,0.0234,0.3097,4.7284,0.0072
jelas,34,0.0227,0.3118,4.7565,0.0071
hari,32,0.0214,0.3301,4.8154,0.0071
jahat,26,0.0174,0.4004,5.016,0.007
sedih,24,0.016,0.4385,5.093,0.007
pihak,26,0.0174,0.3961,5.016,0.0069
tertib,26,0.0174,0.3912,5.016,0.0068
hati,23,0.0154,0.4406,5.1338,0.0068
sendiri,32,0.0214,0.3167,4.8154,0.0068
harus,28,0.0187,0.3651,4.9446,0.0068
kadang,27,0.018,0.3738,4.9797,0.0067
jangan,26,0.0174,0.3837,5.016,0.0067
langsung,33,0.022,0.2983,4.7855,0.0066
beberapa,33,0.022,0.2937,4.7855,0.0065
urus,28,0.0187,0.3452,4.9446,0.0065
tak,22,0.0147,0.441,5.1764,0.0065
suai,26,0.0174,0.3751,5.016,0.0065
depan,29,0.0194,0.3366,4.9107,0.0065
aparat,25,0.0167,0.3813,5.0538,0.0064
korban,24,0.016,0.394,5.093,0.0063
orang,27,0.018,0.3455,4.9797,0.0062
aja,30,0.02,0.2959,4.8779,0.0059
sistem,23,0.0154,0.3847,5.1338,0.0059
pos,28,0.0187,0.3111,4.9446,0.0058
tenang,24,0.016,0.3572,5.093,0.0057
tegas,20,0.0134,0.4247,5.2674,0.0057
transparan,19,0.0127,0.4474,5.3162,0.0057
dapat,20,0.0134,0.4296,5.2674,0.0057
tingkat,22,0.0147,0.3808,5.1764,0.0056
lama,26,0.0174,0.3185,5.016,0.0055
moga,21,0.014,0.3912,5.2208,0.0055
nyata,21,0.014,0.3902,5.2208,0.0055
minta,26,0.0174,0.3166,5.016,0.0055
penting,21,0.014,0.3815,5.2208,0.0054
atas,21,0.014,0.3776,5.2208,0.0053
motor,26,0.0174,0.3049,5.016,0.0053
dukung,17,0.0114,0.4578,5.4215,0.0052
udah,25,0.0167,0.3116,5.0538,0.0052
biasa,24,0.016,0.3259,5.093,0.0052
acara,25,0.0167,0.3096,5.0538,0.0052
anak,24,0.016,0.3265,5.093,0.0052
diri,24,0.016,0.3238,5.093,0.0052
bukti,20,0.0134,0.3834,5.2674,0.0051
kendara,25,0.0167,0.306,5.0538,0.0051
lewat,24,0.016,0.31,5.093,0.005
profesional,19,0.0127,0.3951,5.3162,0.005
salut,19,0.0127,0.3892,5.3162,0.0049
kantor,25,0.0167,0.2952,5.0538,0.0049
senang,18,0.012,0.4083,5.3674,0.0049
lingkung,21,0.014,0.3511,5.2208,0.0049
mau,20,0.0134,0.357,5.2674,0.0048
bicara,19,0.0127,0.376,5.3162,0.0048
mungkin,24,0.016,0.3,5.093,0.0048
meski,21,0.014,0.3402,5.2208,0.0048
prosedur,20,0.0134,0.3598,5.2674,0.0048
bangga,16,0.0107,0.4504,5.4787,0.0048
punya,17,0.0114,0.4264,5.4215,0.0048
baru,19,0.0127,0.368,5.3162,0.0047
kalian,18,0.012,0.3935,5.3674,0.0047
masalah,18,0.012,0.3877,5.3674,0.0047
publik,16,0.0107,0.431,5.4787,0.0046
sulit,16,0.0107,0.43,5.4787,0.0046
desa,22,0.0147,0.3138,5.1764,0.0046
perlu,16,0.0107,0.4275,5.4787,0.0046
kota,22,0.0147,0.3146,5.1764,0.0046
ramah,20,0.0134,0.3376,5.2674,0.0045
apa,18,0.012,0.3732,5.3674,0.0045
sekolah,21,0.014,0.3191,5.2208,0.0045
giat,21,0.014,0.3227,5.2208,0.0045
padahal,22,0.0147,0.3024,5.1764,0.0044
tangkap,16,0.0107,0.412,5.4787,0.0044
selesai,18,0.012,0.3648,5.3674,0.0044
utama,16,0.0107,0.4044,5.4787,0.0043
mobil,19,0.0127,0.3349,5.3162,0.0043
sih,17,0.0114,0.3822,5.4215,0.0043
pantau,18,0.012,0.3459,5.3674,0.0042
berani,15,0.01,0.415,5.5393,0.0042
pagi,19,0.0127,0.3305,5.3162,0.0042
justru,15,0.01,0.415,5.5393,0.0042
masuk,17,0.0114,0.3589,5.4215,0.0041
diam,13,0.0087,0.4771,5.6728,0.0041
bawa,17,0.0114,0.3649,5.4215,0.0041
hormat,15,0.01,0.4096,5.5393,0.0041
mudik,17,0.0114,0.3553,5.4215,0.004
tempat,17,0.0114,0.3495,5.4215,0.004
sekarang,17,0.0114,0.347,5.4215,0.0039
keliling,18,0.012,0.3206,5.3674,0.0039
tiap,18,0.012,0.3247,5.3674,0.0039
biar,14,0.0094,0.402,5.6038,0.0038
milik,13,0.0087,0.4366,5.6728,0.0038
main,14,0.0094,0.4023,5.6038,0.0038
rumah,17,0.0114,0.3369,5.4215,0.0038
dulu,14,0.0094,0.4043,5.6038,0.0038
soal,19,0.0127,0.2989,5.3162,0.0038
ubah,11,0.0073,0.5046,5.827,0.0037
kayak,17,0.0114,0.3223,5.4215,0.0037
uang,15,0.01,0.3693,5.5393,0.0037
ujung,10,0.0067,0.5555,5.914,0.0037
jam,18,0.012,0.3104,5.3674,0.0037
henti,16,0.0107,0.3418,5.4787,0.0037
akhir,13,0.0087,0.4219,5.6728,0.0037
langgar,15,0.01,0.3619,5.5393,0.0036
viral,13,0.0087,0.4135,5.6728,0.0036
arah,15,0.01,0.3594,5.5393,0.0036
dengar,15,0.01,0.3554,5.5393,0.0036
polri,16,0.0107,0.3406,5.4787,0.0036
ngeri,12,0.008,0.4449,5.7469,0.0036
keras,12,0.008,0.4463,5.7469,0.0036
bapak,11,0.0073,0.4902,5.827,0.0036
lambat,15,0.01,0.3633,5.5393,0.0036
tanggap,15,0.01,0.3446,5.5393,0.0035
bagi,15,0.01,0.35,5.5393,0.0035
marah,12,0.008,0.4366,5.7469,0.0035
kuasa,11,0.0073,0.4702,5.827,0.0035
peduli,12,0.008,0.4343,5.7469,0.0035
jawab,11,0.0073,0.4734,5.827,0.0035
jauh,12,0.008,0.4189,5.7469,0.0034
siapa,12,0.008,0.4229,5.7469,0.0034
pinggir,13,0.0087,0.3915,5.6728,0.0034
razia,14,0.0094,0.3606,5.6038,0.0034
mana,11,0.0073,0.4534,5.827,0.0033
memang,12,0.008,0.4138,5.7469,0.0033
ada,12,0.008,0.4127,5.7469,0.0033
sedang,14,0.0094,0.3514,5.6038,0.0033
daerah,15,0.01,0.3322,5.5393,0.0033
lampu,13,0.0087,0.367,5.6728,0.0032
guna,12,0.008,0.4009,5.7469,0.0032
apresiasi,12,0.008,0.3945,5.7469,0.0032
oknum,12,0.008,0.3988,5.7469,0.0032
miris,11,0.0073,0.4333,5.827,0.0032
bersih,12,0.008,0.4029,5.7469,0.0032
sempat,15,0.01,0.3096,5.5393,0.0031
sigap,13,0.0087,0.3587,5.6728,0.0031
sim,14,0.0094,0.331,5.6038,0.0031
temu,12,0.008,0.3848,5.7469,0.0031
cukup,13,0.0087,0.3542,5.6728,0.0031
rutin,13,0.0087,0.3401,5.6728,0.003
satu,11,0.0073,0.4087,5.827,0.003
kena,12,0.008,0.3748,5.7469,0.003
mantap,9,0.006,0.5031,6.0093,0.003
bagaimana,10,0.0067,0.4534,5.914,0.003
pasar,12,0.008,0.3789,5.7469,0.003
tampak,12,0.008,0.3578,5.7469,0.0029
luar,12,0.008,0.356,5.7469,0.0029
tanya,12,0.008,0.3652,5.7469,0.0029
tanggung,9,0.006,0.4831,6.0093,0.0029
bangsa,9,0.006,0.4842,6.0093,0.0029
cari,10,0.0067,0.4367,5.914,0.0029
negeri,9,0.006,0.4784,6.0093,0.0029
pakai,13,0.0087,0.3393,5.6728,0.0029
wenang,10,0.0067,0.4408,5.914,0.0029
respons,12,0.008,0.366,5.7469,0.0029
integritas,9,0.006,0.4607,6.0093,0.0028
celaka,12,0.008,0.353,5.7469,0.0028
peran,9,0.006,0.4696,6.0093,0.0028
ramai,11,0.0073,0.3792,5.827,0.0028
damping,12,0.008,0.3545,5.7469,0.0028
aktif,12,0.008,0.3465,5.7469,0.0028
balik,10,0.0067,0.4152,5.914,0.0028
tidakadil,8,0.0053,0.5061,6.1147,0.0027
interaksi,10,0.0067,0.4035,5.914,0.0027
penuh,9,0.006,0.4491,6.0093,0.0027
tilang,13,0.0087,0.3157,5.6728,0.0027
kurang,11,0.0073,0.3677,5.827,0.0027
tambah,10,0.0067,0.398,5.914,0.0027
tengah,10,0.0067,0.4082,5.914,0.0027
damai,10,0.0067,0.3827,5.914,0.0026
awas,10,0.0067,0.3885,5.914,0.0026
cara,9,0.006,0.4249,6.0093,0.0026
sosial,12,0.008,0.3191,5.7469,0.0026
abai,8,0.0053,0.492,6.1147,0.0026
program,12,0.008,0.3222,5.7469,0.0026
seram,9,0.006,0.4384,6.0093,0.0026
bagus,11,0.0073,0.3557,5.827,0.0026
buruk,8,0.0053,0.4735,6.1147,0.0025
koordinasi,9,0.006,0.4207,6.0093,0.0025
tahun,10,0.0067,0.374,5.914,0.0025
alas,10,0.0067,0.3747,5.914,0.0025
indonesia,7,0.0047,0.533,6.2324,0.0025
responsif,8,0.0053,0.4626,6.1147,0.0025
citra,8,0.0053,0.4733,6.1147,0.0025
sakit,8,0.0053,0.4554,6.1147,0.0024
lawan,9,0.006,0.3977,6.0093,0.0024
sabar,11,0.0073,0.3259,5.827,0.0024
lanjut,9,0.006,0.3991,6.0093,0.0024
duduk,10,0.0067,0.3622,5.914,0.0024
janji,7,0.0047,0.5081,6.2324,0.0024
suatu,8,0.0053,0.4476,6.1147,0.0024
macet,11,0.0073,0.3313,5.827,0.0024
bawah,8,0.0053,0.4515,6.1147,0.0024
evakuasi,10,0.0067,0.3557,5.914,0.0024
jengkel,7,0.0047,0.5218,6.2324,0.0024
curi,9,0.006,0.3913,6.0093,0.0024
bebas,8,0.0053,0.4397,6.1147,0.0023
kuat,7,0.0047,0.4873,6.2324,0.0023
menarkoba,9,0.006,0.3891,6.0093,0.0023
sungguh,6,0.004,0.5667,6.366,0.0023
berat,7,0.0047,0.4818,6.2324,0.0023
cipta,7,0.0047,0.4948,6.2324,0.0023
pilih,8,0.0053,0.4352,6.1147,0.0023
anggap,9,0.006,0.3798,6.0093,0.0023
kampung,9,0.006,0.3862,6.0093,0.0023
gue,8,0.0053,0.4287,6.1147,0.0023
bagai,9,0.006,0.3902,6.0093,0.0023
harga,9,0.006,0.3852,6.0093,0.0023
edukasi,10,0.0067,0.3415,5.914,0.0023
semangat,8,0.0053,0.4132,6.1147,0.0022
susah,7,0.0047,0.468,6.2324,0.0022
positif,8,0.0053,0.4172,6.1147,0.0022
parkir,9,0.006,0.3729,6.0093,0.0022
gimana,8,0.0053,0.4113,6.1147,0.0022
dendam,6,0.004,0.5446,6.366,0.0022
benah,6,0.004,0.5203,6.366,0.0021
sangka,6,0.004,0.5148,6.366,0.0021
empat,8,0.0053,0.3929,6.1147,0.0021
patut,8,0.0053,0.4004,6.1147,0.0021
serius,8,0.0053,0.3891,6.1147,0.0021
banjir,8,0.0053,0.3966,6.1147,0.0021
tiba,7,0.0047,0.4445,6.2324,0.0021
suruh,9,0.006,0.3532,6.0093,0.0021
beli,6,0.004,0.5325,6.366,0.0021
ayom,6,0.004,0.5176,6.366,0.0021
latih,8,0.0053,0.3905,6.1147,0.0021
demo,9,0.006,0.3569,6.0093,0.0021
lancar,8,0.0053,0.3932,6.1147,0.0021
merah,8,0.0053,0.3909,6.1147,0.0021
tentu,7,0.0047,0.4575,6.2324,0.0021
dampak,7,0.0047,0.4399,6.2324,0.0021
berita,8,0.0053,0.3842,6.1147,0.0021
konser,7,0.0047,0.4288,6.2324,0.002
reformasi,6,0.004,0.4936,6.366,0.002
pulang,8,0.0053,0.3668,6.1147,0.002
lokasi,8,0.0053,0.3723,6.1147,0.002
taman,8,0.0053,0.3708,6.1147,0.002
titik,8,0.0053,0.3781,6.1147,0.002
situasi,8,0.0053,0.3782,6.1147,0.002
benci,6,0.004,0.4993,6.366,0.002
kemarin,8,0.0053,0.3714,6.1147,0.002
cegah,7,0.0047,0.4305,6.2324,0.002
sibuk,8,0.0053,0.377,6.1147,0.002
surat,9,0.006,0.3287,6.0093,0.002
sok,7,0.0047,0.4226,6.2324,0.002
aksi,7,0.0047,0.4182,6.2324,0.002
dedikasi,7,0.0047,0.4278,6.2324,0.002
sopan,7,0.0047,0.4049,6.2324,0.0019
ulang,6,0.004,0.4687,6.366,0.0019
kata,6,0.004,0.4844,6.366,0.0019
nyaman,8,0.0053,0.3577,6.1147,0.0019
negara,7,0.0047,0.405,6.2324,0.0019
rugi,6,0.004,0.4744,6.366,0.0019
pasti,6,0.004,0.4846,6.366,0.0019
minggu,8,0.0053,0.3522,6.1147,0.0019
masa,6,0.004,0.4626,6.366,0.0019
kesan,8,0.0053,0.3615,6.1147,0.0019
profesionalisme,6,0.004,0.4753,6.366,0.0019
khawatir,6,0.004,0.4814,6.366,0.0019
bayar,8,0.0053,0.351,6.1147,0.0019
lebaran,8,0.0053,0.3578,6.1147,0.0019
aku,5,0.0033,0.5501,6.5201,0.0018
lembaga,5,0.0033,0.53,6.5201,0.0018
efektivitas,6,0.004,0.4592,6.366,0.0018
kritik,6,0.004,0.4387,6.366,0.0018
antre,7,0.0047,0.3788,6.2324,0.0018
sikap,6,0.004,0.458,6.366,0.0018
sumber,5,0.0033,0.5352,6.5201,0.0018
kunjung,7,0.0047,0.3821,6.2324,0.0018
keluar,6,0.004,0.4424,6.366,0.0018
jabat,6,0.004,0.4556,6.366,0.0018
bentar,7,0.0047,0.3805,6.2324,0.0018
evaluasi,6,0.004,0.4412,6.366,0.0018
nurani,5,0.0033,0.5533,6.5201,0.0018
bilang,7,0.0047,0.3863,6.2324,0.0018
anggota,6,0.004,0.4307,6.366,0.0017
ibu,6,0.004,0.4353,6.366,0.0017
hujan,7,0.0047,0.3592,6.2324,0.0017
begini,6,0.004,0.4189,6.366,0.0017
gaji,6,0.004,0.4244,6.366,0.0017
antar,8,0.0053,0.3273,6.1147,0.0017
suluh,6,0.004,0.4322,6.366,0.0017
sumpah,5,0.0033,0.5049,6.5201,0.0017
transparansi,5,0.0033,0.5051,6.5201,0.0017
periksa,6,0.004,0.4266,6.366,0.0017
keren,4,0.0027,0.6352,6.7024,0.0017
tajam,5,0.0033,0.5037,6.5201,0.0017
standar,7,0.0047,0.369,6.2324,0.0017
kawal,5,0.0033,0.5053,6.5201,0.0017
arus,7,0.0047,0.3653,6.2324,0.0017
tindaklanjut,5,0.0033,0.5201,6.5201,0.0017
sore,6,0.004,0.4122,6.366,0.0017
area,7,0.0047,0.3717,6.2324,0.0017
usaha,5,0.0033,0.4986,6.5201,0.0017
amanah,5,0.0033,0.523,6.5201,0.0017
liat,6,0.004,0.4264,6.366,0.0017
rapat,6,0.004,0.4023,6.366,0.0016
bahagia,4,0.0027,0.5956,6.7024,0.0016
wilayah,6,0.004,0.399,6.366,0.0016
libat,6,0.004,0.409,6.366,0.0016
doang,6,0.004,0.4044,6.366,0.0016
media,7,0.0047,0.335,6.2324,0.0016
beda,4,0.0027,0.6149,6.7024,0.0016
cemas,5,0.0033,0.4784,6.5201,0.0016
suara,5,0.0033,0.4882,6.5201,0.0016
sosialisasi,6,0.004,0.4055,6.366,0.0016
online,7,0.0047,0.3351,6.2324,0.0016
bijak,5,0.0033,0.4741,6.5201,0.0016
tabrak,6,0.004,0.3874,6.366,0.0016
tinggi,6,0.004,0.396,6.366,0.0016
adu,6,0.004,0.4025,6.366,0.0016
mata,6,0.004,0.4082,6.366,0.0016
malu,5,0.0033,0.4869,6.5201,0.0016
gerak,5,0.0033,0.4935,6.5201,0.0016
tunggu,5,0.0033,0.4641,6.5201,0.0016
contoh,5,0.0033,0.4772,6.5201,0.0016
teknologi,4,0.0027,0.5552,6.7024,0.0015
bela,4,0.0027,0.5759,6.7024,0.0015
hp,6,0.004,0.3819,6.366,0.0015
wujud,4,0.0027,0.5455,6.7024,0.0015
lupa,4,0.0027,0.5623,6.7024,0.0015
institusi,5,0.0033,0.4518,6.5201,0.0015
muak,5,0.0033,0.4518,6.5201,0.0015
informasi,6,0.004,0.3856,6.366,0.0015
mediasi,6,0.004,0.3709,6.366,0.0015
brengsek,4,0.0027,0.5556,6.7024,0.0015
kunci,4,0.0027,0.5547,6.7024,0.0015
mogok,6,0.004,0.3821,6.366,0.0015
mudah,5,0.0033,0.4439,6.5201,0.0015
selamat,5,0.0033,0.445,6.5201,0.0015
aktivitas,5,0.0033,0.4056,6.5201,0.0014
lomba,5,0.0033,0.4049,6.5201,0.0014
kok,5,0.0033,0.421,6.5201,0.0014
aneh,4,0.0027,0.5181,6.7024,0.0014
naik,5,0.0033,0.4166,6.5201,0.0014
tidak,6,0.004,0.3532,6.366,0.0014
polres,6,0.004,0.3443,6.366,0.0014
panjang,6,0.004,0.3606,6.366,0.0014
truk,5,0.0033,0.4087,6.5201,0.0014
isi,5,0.0033,0.4122,6.5201,0.0014
enak,5,0.0033,0.4095,6.5201,0.0014
ribat,5,0.0033,0.4171,6.5201,0.0014
ringan,6,0.004,0.3613,6.366,0.0014
milu,5,0.0033,0.4304,6.5201,0.0014
sehat,5,0.0033,0.4258,6.5201,0.0014
skck,6,0.004,0.3504,6.366,0.0014
solusi,5,0.0033,0.4301,6.5201,0.0014
jumat,6,0.004,0.357,6.366,0.0014
saran,5,0.0033,0.4298,6.5201,0.0014
bangun,4,0.0027,0.5314,6.7024,0.0014
puas,4,0.0027,0.5399,6.7024,0.0014
sejak,5,0.0033,0.4203,6.5201,0.0014
turun,5,0.0033,0.4195,6.5201,0.0014
bahkan,5,0.0033,0.421,6.5201,0.0014
bakti,5,0.0033,0.4156,6.5201,0.0014
was,4,0.0027,0.5182,6.7024,0.0014
alam,5,0.0033,0.4087,6.5201,0.0014
hebat,4,0.0027,0.5266,6.7024,0.0014
hasil,5,0.0033,0.4193,6.5201,0.0014
ragam,5,0.0033,0.4236,6.5201,0.0014
deh,5,0.0033,0.4189,6.5201,0.0014
polw,3,0.002,0.6452,6.9256,0.0013
degan,4,0.0027,0.4736,6.7024,0.0013
amat,5,0.0033,0.3899,6.5201,0.0013
juang,4,0.0027,0.4754,6.7024,0.0013
bobrok,4,0.0027,0.4944,6.7024,0.0013
tadi,5,0.0033,0.3744,6.5201,0.0013
koruptor,4,0.0027,0.4884,6.7024,0.0013
formalitas,4,0.0027,0.4893,6.7024,0.0013
hak,4,0.0027,0.4691,6.7024,0.0013
pribadi,5,0.0033,0.3804,6.5201,0.0013
darah,5,0.0033,0.3994,6.5201,0.0013
makan,5,0.0033,0.3768,6.5201,0.0013
senyum,4,0.0027,0.4685,6.7024,0.0013
deg,4,0.0027,0.4736,6.7024,0.0013
siaga,5,0.0033,0.4008,6.5201,0.0013
kesal,3,0.002,0.6435,6.9256,0.0013
buka,5,0.0033,0.3829,6.5201,0.0013
catat,5,0.0033,0.3857,6.5201,0.0013
habis,4,0.0027,0.5048,6.7024,0.0013
deras,5,0.0033,0.4017,6.5201,0.0013
belit,3,0.002,0.5822,6.9256,0.0012
untung,4,0.0027,0.4425,6.7024,0.0012
kaya,4,0.0027,0.4575,6.7024,0.0012
lansia,5,0.0033,0.3498,6.5201,0.0012
kamera,4,0.0027,0.431,6.7024,0.0012
andal,3,0.002,0.6086,6.9256,0.0012
kala,4,0.0027,0.4543,6.7024,0.0012
kaki,4,0.0027,0.4315,6.7024,0.0012
dompet,4,0.0027,0.4376,6.7024,0.0012
internal,4,0.0027,0.4329,6.7024,0.0012
sini,5,0.0033,0.3534,6.5201,0.0012
singkat,5,0.0033,0.3635,6.5201,0.0012
jalur,4,0.0027,0.436,6.7024,0.0012
pajak,4,0.0027,0.4513,6.7024,0.0012
aset,3,0.002,0.6084,6.9256,0.0012
humanis,4,0.0027,0.4337,6.7024,0.0012
rt,5,0.0033,0.3679,6.5201,0.0012
perhati,5,0.0033,0.3662,6.5201,0.0012
tangis,3,0.002,0.6099,6.9256,0.0012
lengkap,5,0.0033,0.365,6.5201,0.0012
akuntabel,3,0.002,0.5918,6.9256,0.0012
tantang,3,0.002,0.5922,6.9256,0.0012
angin,4,0.0027,0.4521,6.7024,0.0012
rekam,4,0.0027,0.4568,6.7024,0.0012
hancur,3,0.002,0.6032,6.9256,0.0012
fungsi,3,0.002,0.5772,6.9256,0.0012
geram,3,0.002,0.5954,6.9256,0.0012
dasar,3,0.002,0.6158,6.9256,0.0012
bakar,4,0.0027,0.4611,6.7024,0.0012
barang,5,0.0033,0.3683,6.5201,0.0012
duit,4,0.0027,0.4666,6.7024,0.0012
manfaat,4,0.0027,0.4293,6.7024,0.0011
tarik,5,0.0033,0.3314,6.5201,0.0011
lelah,3,0.002,0.5259,6.9256,0.0011
tebang,3,0.002,0.5403,6.9256,0.0011
disiplin,3,0.002,0.548,6.9256,0.0011
hadap,4,0.0027,0.4155,6.7024,0.0011
rajalela,3,0.002,0.5683,6.9256,0.0011
heran,4,0.0027,0.4261,6.7024,0.0011
goblok,2,0.0013,0.8451,7.2133,0.0011
preman,4,0.0027,0.4271,6.7024,0.0011
seperti,4,0.0027,0.3961,6.7024,0.0011
mahasiswa,4,0.0027,0.418,6.7024,0.0011
komentar,3,0.002,0.5436,6.9256,0.0011
kompleks,4,0.0027,0.4251,6.7024,0.0011
maaf,4,0.0027,0.4286,6.7024,0.0011
warung,4,0.0027,0.4174,6.7024,0.0011
an,4,0.0027,0.3996,6.7024,0.0011
ancam,4,0.0027,0.4256,6.7024,0.0011
diskusi,4,0.0027,0.4225,6.7024,0.0011
rusak,4,0.0027,0.4115,6.7024,0.0011
sadar,3,0.002,0.5518,6.9256,0.0011
nilai,3,0.002,0.5346,6.9256,0.0011
intervensi,3,0.002,0.5534,6.9256,0.0011
jadwal,4,0.0027,0.3954,6.7024,0.0011
rapi,4,0.0027,0.4296,6.7024,0.0011
ungkap,3,0.002,0.5473,6.9256,0.0011
umum,4,0.0027,0.3992,6.7024,0.0011
resmi,5,0.0033,0.3299,6.5201,0.0011
mulai,4,0.0027,0.4202,6.7024,0.0011
bencana,4,0.0027,0.4251,6.7024,0.0011
bungkam,3,0.002,0.5347,6.9256,0.0011
ban,3,0.002,0.5399,6.9256,0.0011
kerumun,4,0.0027,0.4171,6.7024,0.0011
imbau,4,0.0027,0.3965,6.7024,0.0011
himbau,4,0.0027,0.3974,6.7024,0.0011
pukul,3,0.002,0.5529,6.9256,0.0011
malas,4,0.0027,0.4162,6.7024,0.0011
pikir,3,0.002,0.5443,6.9256,0.0011
prinsip,3,0.002,0.5383,6.9256,0.0011
sinergi,3,0.002,0.5541,6.9256,0.0011
wisata,4,0.0027,0.3921,6.7024,0.001
lapang,4,0.0027,0.3814,6.7024,0.001
alhamdulillah,3,0.002,0.5164,6.9256,0.001
tol,4,0.0027,0.3841,6.7024,0.001
ajak,4,0.0027,0.369,6.7024,0.001
sentuh,4,0.0027,0.3873,6.7024,0.001
bahaya,4,0.0027,0.3717,6.7024,0.001
ilusi,2,0.0013,0.7128,7.2133,0.001
manusia,3,0.002,0.482,6.9256,0.001
maju,3,0.002,0.5089,6.9256,0.001
becus,3,0.002,0.4839,6.9256,0.001
komunikasi,4,0.0027,0.3741,6.7024,0.001
mati,3,0.002,0.4831,6.9256,0.001
emosi,3,0.002,0.5134,6.9256,0.001
kriminal,3,0.002,0.5125,6.9256,0.001
maling,4,0.0027,0.3762,6.7024,0.001
teman,4,0.0027,0.3723,6.7024,0.001
ragu,3,0.002,0.5201,6.9256,0.001
tumpul,3,0.002,0.4741,6.9256,0.001
bareng,4,0.0027,0.3616,6.7024,0.001
papan,4,0.0027,0.3859,6.7024,0.001
segera,3,0.002,0.4773,6.9256,0.001
selidik,3,0.002,0.5066,6.9256,0.001
pahlawan,3,0.002,0.4988,6.9256,0.001
jasa,3,0.002,0.4837,6.9256,0.001
suasana,4,0.0027,0.3867,6.7024,0.001
ganggu,4,0.0027,0.3865,6.7024,0.001
informatif,4,0.0027,0.3713,6.7024,0.001
obrol,4,0.0027,0.3798,6.7024,0.001
bosan,3,0.002,0.4805,6.9256,0.001
suka,4,0.0027,0.3793,6.7024,0.001
diada,4,0.0027,0.3613,6.7024,0.001
tahu,3,0.002,0.505,6.9256,0.001
tahan,3,0.002,0.482,6.9256,0.001
ronda,4,0.0027,0.3786,6.7024,0.001
ruang,3,0.002,0.4813,6.9256,0.001
lamban,3,0.002,0.5097,6.9256,0.001
ambulans,3,0.002,0.4746,6.9256,0.001
vaksinasi,4,0.0027,0.3614,6.7024,0.001
agama,3,0.002,0.4682,6.9256,0.0009
alat,3,0.002,0.4355,6.9256,0.0009
akun,4,0.0027,0.3535,6.7024,0.0009
negatif,3,0.002,0.4331,6.9256,0.0009
operasi,3,0.002,0.4463,6.9256,0.0009
buku,3,0.002,0.4475,6.9256,0.0009
kembang,3,0.002,0.4287,6.9256,0.0009
paham,3,0.002,0.4313,6.9256,0.0009
jarang,3,0.002,0.4382,6.9256,0.0009
bu,2,0.0013,0.6645,7.2133,0.0009
kait,3,0.002,0.4564,6.9256,0.0009
tutup,3,0.002,0.4573,6.9256,0.0009
capek,3,0.002,0.4429,6.9256,0.0009
paling,3,0.002,0.4417,6.9256,0.0009
gede,3,0.002,0.4493,6.9256,0.0009
perintah,3,0.002,0.4504,6.9256,0.0009
kondusif,3,0.002,0.4572,6.9256,0.0009
ibadah,3,0.002,0.4682,6.9256,0.0009
mampu,3,0.002,0.4733,6.9256,0.0009
curiga,3,0.002,0.4262,6.9256,0.0009
simbol,2,0.0013,0.6501,7.2133,0.0009
tepat,2,0.0013,0.637,7.2133,0.0009
cinta,2,0.0013,0.6716,7.2133,0.0009
masjid,3,0.002,0.4352,6.9256,0.0009
keluh,4,0.0027,0.3398,6.7024,0.0009
siap,3,0.002,0.4488,6.9256,0.0009
pas,4,0.0027,0.3498,6.7024,0.0009
panik,3,0.002,0.4384,6.9256,0.0009
panggung,3,0.002,0.4709,6.9256,0.0009
pamrih,2,0.0013,0.649,7.2133,0.0009
pegang,3,0.002,0.4403,6.9256,0.0009
drama,3,0.002,0.4347,6.9256,0.0009
dalam,3,0.002,0.4326,6.9256,0.0009
salat,3,0.002,0.4505,6.9256,0.0009
sana,3,0.002,0.4369,6.9256,0.0009
donor,3,0.002,0.4359,6.9256,0.0009
tidur,3,0.002,0.4397,6.9256,0.0009
lurah,3,0.002,0.439,6.9256,0.0009
digital,3,0.002,0.4291,6.9256,0.0009
laksana,3,0.002,0.4554,6.9256,0.0009
yang,3,0.002,0.4568,6.9256,0.0009
angkat,3,0.002,0.4378,6.9256,0.0009
santai,3,0.002,0.438,6.9256,0.0009
rawan,4,0.0027,0.3536,6.7024,0.0009
gantung,3,0.002,0.4676,6.9256,0.0009
protes,3,0.002,0.4648,6.9256,0.0009
halte,3,0.002,0.4325,6.9256,0.0009
wanita,2,0.0013,0.596,7.2133,0.0008
ingin,2,0.0013,0.5782,7.2133,0.0008
bingung,3,0.002,0.4009,6.9256,0.0008
padam,3,0.002,0.3966,6.9256,0.0008
tunjuk,3,0.002,0.38,6.9256,0.0008
sisi,3,0.002,0.4126,6.9256,0.0008
lenyap,2,0.0013,0.6064,7.2133,0.0008
langkah,3,0.002,0.3972,6.9256,0.0008
alur,3,0.002,0.3795,6.9256,0.0008
spkt,3,0.002,0.3798,6.9256,0.0008
stadion,3,0.002,0.407,6.9256,0.0008
musim,3,0.002,0.3927,6.9256,0.0008
kelar,2,0.0013,0.5835,7.2133,0.0008
terang,2,0.0013,0.5762,7.2133,0.0008
terminal,3,0.002,0.3964,6.9256,0.0008
sopir,3,0.002,0.4078,6.9256,0.0008
inspirasi,2,0.0013,0.6152,7.2133,0.0008
tegur,3,0.002,0.4153,6.9256,0.0008
pusat,3,0.002,0.4026,6.9256,0.0008
derita,2,0.0013,0.5721,7.2133,0.0008
cctv,3,0.002,0.3962,6.9256,0.0008
anti,3,0.002,0.3754,6.9256,0.0008
setia,2,0.0013,0.5928,7.2133,0.0008
kondisi,3,0.002,0.4165,6.9256,0.0008
pingsan,3,0.002,0.3805,6.9256,0.0008
kikis,2,0.0013,0.5823,7.2133,0.0008
mekanisme,2,0.0013,0.5924,7.2133,0.0008
panutan,2,0.0013,0.6306,7.2133,0.0008
intimidasi,3,0.002,0.4129,6.9256,0.0008
hingga,3,0.002,0.4056,6.9256,0.0008
pintu,3,0.002,0.3944,6.9256,0.0008
garda,2,0.0013,0.6059,7.2133,0.0008
upacara,3,0.002,0.3854,6.9256,0.0008
ganti,3,0.002,0.3834,6.9256,0.0008
gang,3,0.002,0.3767,6.9256,0.0008
raya,3,0.002,0.3925,6.9256,0.0008
belakang,3,0.002,0.423,6.9256,0.0008
rokok,3,0.002,0.4001,6.9256,0.0008
serta,3,0.002,0.3913,6.9256,0.0008
balai,3,0.002,0.4108,6.9256,0.0008
haru,2,0.0013,0.6097,7.2133,0.0008
formal,3,0.002,0.3803,6.9256,0.0008
gaya,2,0.0013,0.626,7.2133,0.0008
fokus,3,0.002,0.3753,6.9256,0.0008
saksi,3,0.002,0.377,6.9256,0.0008
rumit,2,0.0013,0.6096,7.2133,0.0008
sekaligus,3,0.002,0.4159,6.9256,0.0008
ajar,3,0.002,0.3932,6.9256,0.0008
tonton,2,0.0013,0.5299,7.2133,0.0007
akses,2,0.0013,0.5013,7.2133,0.0007
asyik,3,0.002,0.3723,6.9256,0.0007
undang,2,0.0013,0.5087,7.2133,0.0007
kontan,3,0.002,0.3592,6.9256,0.0007
korup,2,0.0013,0.518,7.2133,0.0007
tipu,3,0.002,0.3294,6.9256,0.0007
luka,2,0.0013,0.5111,7.2133,0.0007
bakal,2,0.0013,0.4943,7.2133,0.0007
komitmen,2,0.0013,0.5069,7.2133,0.0007
ribut,3,0.002,0.3683,6.9256,0.0007
etika,2,0.0013,0.4944,7.2133,0.0007
respek,2,0.0013,0.487,7.2133,0.0007
tekan,2,0.0013,0.5008,7.2133,0.0007
kembali,2,0.0013,0.5027,7.2133,0.0007
rw,3,0.002,0.3646,6.9256,0.0007
takbir,2,0.0013,0.5045,7.2133,0.0007
tegang,2,0.0013,0.4872,7.2133,0.0007
berantas,2,0.0013,0.5158,7.2133,0.0007
goblokk,1,0.0007,0.9835,7.6187,0.0007
resah,2,0.0013,0.494,7.2133,0.0007
keluarga,2,0.0013,0.5375,7.2133,0.0007
komunitas,2,0.0013,0.5234,7.2133,0.0007
koneksi,2,0.0013,0.5407,7.2133,0.0007
baris,2,0.0013,0.5293,7.2133,0.0007
tumpuk,2,0.0013,0.5111,7.2133,0.0007
tunda,2,0.0013,0.5025,7.2133,0.0007
kampus,3,0.002,0.3629,6.9256,0.0007
nyawa,2,0.0013,0.5473,7.2133,0.0007
saling,2,0.0013,0.5197,7.2133,0.0007
sirene,3,0.002,0.3672,6.9256,0.0007
kenal,2,0.0013,0.5116,7.2133,0.0007
sebut,2,0.0013,0.5407,7.2133,0.0007
sepeda,2,0.0013,0.4927,7.2133,0.0007
serang,2,0.0013,0.4916,7.2133,0.0007
kabur,2,0.0013,0.4999,7.2133,0.0007
kadar,2,0.0013,0.5326,7.2133,0.0007
kagum,2,0.0013,0.5478,7.2133,0.0007
jago,3,0.002,0.3689,6.9256,0.0007
lemah,2,0.0013,0.5416,7.2133,0.0007
tindas,2,0.0013,0.5241,7.2133,0.0007
layak,2,0.0013,0.4885,7.2133,0.0007
partisipasi,2,0.0013,0.493,7.2133,0.0007
pergi,3,0.002,0.3429,6.9256,0.0007
sandiwara,2,0.0013,0.4947,7.2133,0.0007
sampai,3,0.002,0.34,6.9256,0.0007
sanksi,3,0.002,0.3662,6.9256,0.0007
call,3,0.002,0.3392,6.9256,0.0007
bulu,2,0.0013,0.534,7.2133,0.0007
inovatif,2,0.0013,0.4968,7.2133,0.0007
optimal,2,0.0013,0.4888,7.2133,0.0007
curhat,3,0.002,0.3639,6.9256,0.0007
dite,2,0.0013,0.5603,7.2133,0.0007
kalah,2,0.0013,0.5544,7.2133,0.0007
efisien,2,0.0013,0.4957,7.2133,0.0007
kumpul,3,0.002,0.3735,6.9256,0.0007
tolong,2,0.0013,0.5244,7.2133,0.0007
administrasi,3,0.002,0.372,6.9256,0.0007
pandang,2,0.0013,0.534,7.2133,0.0007
panggil,3,0.002,0.3734,6.9256,0.0007
dinas,2,0.0013,0.5142,7.2133,0.0007
instansi,2,0.0013,0.4931,7.2133,0.0007
didik,2,0.0013,0.5329,7.2133,0.0007
dorong,3,0.002,0.3513,6.9256,0.0007
negosiasi,2,0.0013,0.5489,7.2133,0.0007
sogok,2,0.0013,0.5178,7.2133,0.0007
brosur,2,0.0013,0.4977,7.2133,0.0007
center,3,0.002,0.3392,6.9256,0.0007
minim,2,0.0013,0.4387,7.2133,0.0006
bina,2,0.0013,0.4287,7.2133,0.0006
prioritas,2,0.0013,0.4572,7.2133,0.0006
kecek,2,0.0013,0.4157,7.2133,0.0006
keliar,2,0.0013,0.4293,7.2133,0.0006
mundur,2,0.0013,0.4782,7.2133,0.0006
efektif,2,0.0013,0.4401,7.2133,0.0006
rusuh,2,0.0013,0.4172,7.2133,0.0006
memall,2,0.0013,0.4335,7.2133,0.0006
modal,2,0.0013,0.418,7.2133,0.0006
beban,2,0.0013,0.4509,7.2133,0.0006
tanding,2,0.0013,0.4213,7.2133,0.0006
korupsi,2,0.0013,0.4535,7.2133,0.0006
wajib,2,0.0013,0.4441,7.2133,0.0006
personel,2,0.0013,0.4842,7.2133,0.0006
bangsat,1,0.0007,0.8237,7.6187,0.0006
kondusifitas,2,0.0013,0.477,7.2133,0.0006
konsisten,2,0.0013,0.4278,7.2133,0.0006
manual,2,0.0013,0.4228,7.2133,0.0006
kini,2,0.0013,0.4673,7.2133,0.0006
bensin,2,0.0013,0.4462,7.2133,0.0006
ganda,2,0.0013,0.482,7.2133,0.0006
gratis,2,0.0013,0.4341,7.2133,0.0006
listrik,2,0.0013,0.4481,7.2133,0.0006
protokol,2,0.0013,0.4228,7.2133,0.0006
unjuk,2,0.0013,0.466,7.2133,0.0006
tinggal,2,0.0013,0.4328,7.2133,0.0006
antarwarga,2,0.0013,0.4147,7.2133,0.0006
tolol,1,0.0007,0.8408,7.6187,0.0006
adik,2,0.0013,0.4299,7.2133,0.0006
arti,2,0.0013,0.4335,7.2133,0.0006
akrab,2,0.0013,0.4344,7.2133,0.0006
tps,2,0.0013,0.4701,7.2133,0.0006
kost,2,0.0013,0.4378,7.2133,0.0006
itu,2,0.0013,0.422,7.2133,0.0006
palsu,2,0.0013,0.4263,7.2133,0.0006
senam,2,0.0013,0.4488,7.2133,0.0006
olahraga,2,0.0013,0.4397,7.2133,0.0006
sengsara,2,0.0013,0.4216,7.2133,0.0006
data,2,0.0013,0.458,7.2133,0.0006
judi,2,0.0013,0.4312,7.2133,0.0006
pake,2,0.0013,0.4707,7.2133,0.0006
jelang,2,0.0013,0.4518,7.2133,0.0006
seluruh,2,0.0013,0.4332,7.2133,0.0006
seragam,2,0.0013,0.4348,7.2133,0.0006
fasilitas,2,0.0013,0.4515,7.2133,0.0006
ilmu,2,0.0013,0.4689,7.2133,0.0006
semena,2,0.0013,0.4525,7.2133,0.0006
parah,2,0.0013,0.4355,7.2133,0.0006
demonstrasi,2,0.0013,0.475,7.2133,0.0006
senjata,2,0.0013,0.483,7.2133,0.0006
simpang,2,0.0013,0.421,7.2133,0.0006
kamtibmas,2,0.0013,0.4821,7.2133,0.0006
nama,2,0.0013,0.4306,7.2133,0.0006
sahabat,2,0.0013,0.4194,7.2133,0.0006
strobo,2,0.0013,0.474,7.2133,0.0006
sayang,2,0.0013,0.4785,7.2133,0.0006
saat,2,0.0013,0.438,7.2133,0.0006
hubung,2,0.0013,0.4378,7.2133,0.0006
pokok,2,0.0013,0.4505,7.2133,0.0006
gagal,2,0.0013,0.4559,7.2133,0.0006
gelar,2,0.0013,0.4445,7.2133,0.0006
pungli,2,0.0013,0.4681,7.2133,0.0006
potret,2,0.0013,0.4785,7.2133,0.0006
empati,2,0.0013,0.4497,7.2133,0.0006
gedung,2,0.0013,0.4329,7.2133,0.0006
mending,2,0.0013,0.4654,7.2133,0.0006
menit,2,0.0013,0.448,7.2133,0.0006
kosong,2,0.0013,0.4591,7.2133,0.0006
pasang,2,0.0013,0.4306,7.2133,0.0006
bola,2,0.0013,0.4213,7.2133,0.0006
spanduk,2,0.0013,0.4372,7.2133,0.0006
spbu,2,0.0013,0.4833,7.2133,0.0006
pohon,2,0.0013,0.4139,7.2133,0.0006
siang,2,0.0013,0.4351,7.2133,0.0006
cabul,2,0.0013,0.4728,7.2133,0.0006
pasrah,2,0.0013,0.4564,7.2133,0.0006
sidang,2,0.0013,0.4167,7.2133,0.0006
cek,2,0.0013,0.423,7.2133,0.0006
pena,2,0.0013,0.4525,7.2133,0.0006
pindah,2,0.0013,0.4392,7.2133,0.0006
emang,2,0.0013,0.4707,7.2133,0.0006
kasar,2,0.0013,0.435,7.2133,0.0006
kan,2,0.0013,0.419,7.2133,0.0006
volume,2,0.0013,0.383,7.2133,0.0005
tni,2,0.0013,0.406,7.2133,0.0005
maksimal,2,0.0013,0.3644,7.2133,0.0005
antri,2,0.0013,0.3812,7.2133,0.0005
konvoi,1,0.0007,0.7064,7.6187,0.0005
arak,1,0.0007,0.743,7.6187,0.0005
tuduh,1,0.0007,0.7489,7.6187,0.0005
aspirasi,2,0.0013,0.4106,7.2133,0.0005
edukatif,2,0.0013,0.3701,7.2133,0.0005
represif,2,0.0013,0.4087,7.2133,0.0005
tanah,2,0.0013,0.3973,7.2133,0.0005
taat,1,0.0007,0.6753,7.6187,0.0005
belanja,2,0.0013,0.4001,7.2133,0.0005
medis,2,0.0013,0.381,7.2133,0.0005
memedsos,2,0.0013,0.3672,7.2133,0.0005
berkah,2,0.0013,0.388,7.2133,0.0005
belah,2,0.0013,0.3967,7.2133,0.0005
tele,1,0.0007,0.7817,7.6187,0.0005
helm,2,0.0013,0.3556,7.2133,0.0005
tawar,1,0.0007,0.6966,7.6187,0.0005
materi,2,0.0013,0.3874,7.2133,0.0005
kertas,1,0.0007,0.6864,7.6187,0.0005
kirim,2,0.0013,0.3449,7.2133,0.0005
kira,2,0.0013,0.4008,7.2133,0.0005
relevan,2,0.0013,0.342,7.2133,0.0005
unit,2,0.0013,0.3606,7.2133,0.0005
gilir,2,0.0013,0.41,7.2133,0.0005
foto,2,0.0013,0.3984,7.2133,0.0005
waspada,2,0.0013,0.3839,7.2133,0.0005
abdi,1,0.0007,0.7514,7.6187,0.0005
wakil,1,0.0007,0.6785,7.6187,0.0005
putar,2,0.0013,0.4099,7.2133,0.0005
bus,2,0.0013,0.3971,7.2133,0.0005
polwan,1,0.0007,0.8212,7.6187,0.0005
upaya,2,0.0013,0.3933,7.2133,0.0005
hampir,2,0.0013,0.3884,7.2133,0.0005
bos,1,0.0007,0.7978,7.6187,0.0005
bocor,2,0.0013,0.3545,7.2133,0.0005
muat,2,0.0013,0.3873,7.2133,0.0005
kesah,2,0.0013,0.402,7.2133,0.0005
inisiatif,2,0.0013,0.3808,7.2133,0.0005
pengaruh,2,0.0013,0.3826,7.2133,0.0005
dokumen,2,0.0013,0.3879,7.2133,0.0005
elektronik,2,0.0013,0.3909,7.2133,0.0005
imbang,1,0.0007,0.7016,7.6187,0.0005
buru,1,0.0007,0.6797,7.6187,0.0005
budaya,2,0.0013,0.3987,7.2133,0.0005
stnk,2,0.0013,0.3744,7.2133,0.0005
sari,2,0.0013,0.4073,7.2133,0.0005
ogah,1,0.0007,0.7352,7.6187,0.0005
seberang,2,0.0013,0.4027,7.2133,0.0005
cuek,2,0.0013,0.3903,7.2133,0.0005
jempol,2,0.0013,0.381,7.2133,0.0005
olah,2,0.0013,0.402,7.2133,0.0005
kacau,1,0.0007,0.6754,7.6187,0.0005
jebak,2,0.0013,0.3866,7.2133,0.0005
dong,2,0.0013,0.3735,7.2133,0.0005
pantul,1,0.0007,0.7554,7.6187,0.0005
jenazah,2,0.0013,0.4052,7.2133,0.0005
darurat,2,0.0013,0.3949,7.2133,0.0005
dikit,2,0.0013,0.3769,7.2133,0.0005
detail,2,0.0013,0.4111,7.2133,0.0005
dini,2,0.0013,0.3828,7.2133,0.0005
sederhana,2,0.0013,0.3719,7.2133,0.0005
info,2,0.0013,0.3842,7.2133,0.0005
isu,2,0.0013,0.3452,7.2133,0.0005
istirahat,2,0.0013,0.3956,7.2133,0.0005
larut,1,0.0007,0.8073,7.6187,0.0005
timpang,1,0.0007,0.6896,7.6187,0.0005
tim,2,0.0013,0.381,7.2133,0.0005
usia,2,0.0013,0.3952,7.2133,0.0005
acung,2,0.0013,0.381,7.2133,0.0005
amai,1,0.0007,0.5296,7.6187,0.0004
tombak,1,0.0007,0.5635,7.6187,0.0004
wah,1,0.0007,0.5844,7.6187,0.0004
kritis,1,0.0007,0.5546,7.6187,0.0004
kriminalisasi,1,0.0007,0.5713,7.6187,0.0004
kredibilitas,1,0.0007,0.5327,7.6187,0.0004
akibat,1,0.0007,0.6273,7.6187,0.0004
akal,1,0.0007,0.5773,7.6187,0.0004
abadi,1,0.0007,0.6184,7.6187,0.0004
lelucon,1,0.0007,0.6529,7.6187,0.0004
laut,1,0.0007,0.5302,7.6187,0.0004
usut,1,0.0007,0.6361,7.6187,0.0004
timbul,1,0.0007,0.5886,7.6187,0.0004
tradisional,1,0.0007,0.5536,7.6187,0.0004
acu,1,0.0007,0.6144,7.6187,0.0004
indonesiaa,1,0.0007,0.6705,7.6187,0.0004
paksa,1,0.0007,0.5343,7.6187,0.0004
investigasi,1,0.0007,0.5729,7.6187,0.0004
pedih,1,0.0007,0.5733,7.6187,0.0004
pecat,1,0.0007,0.5261,7.6187,0.0004
instan,1,0.0007,0.5963,7.6187,0.0004
jaman,1,0.0007,0.5377,7.6187,0.0004
jati,1,0.0007,0.5261,7.6187,0.0004
jamin,1,0.0007,0.5742,7.6187,0.0004
kabel,1,0.0007,0.5538,7.6187,0.0004
door,1,0.0007,0.6593,7.6187,0.0004
day,2,0.0013,0.3327,7.2133,0.0004
papas,1,0.0007,0.5364,7.6187,0.0004
semrawut,1,0.0007,0.5502,7.6187,0.0004
jogging,1,0.0007,0.5877,7.6187,0.0004
jerit,1,0.0007,0.6262,7.6187,0.0004
juta,1,0.0007,0.5854,7.6187,0.0004
turut,1,0.0007,0.6142,7.6187,0.0004
cerah,1,0.0007,0.5738,7.6187,0.0004
dipindahtugaskan,1,0.0007,0.5402,7.6187,0.0004
seakan,1,0.0007,0.551,7.6187,0.0004
pelintir,1,0.0007,0.585,7.6187,0.0004
sia,1,0.0007,0.5637,7.6187,0.0004
car,2,0.0013,0.3327,7.2133,0.0004
canda,1,0.0007,0.5373,7.6187,0.0004
ngaku,1,0.0007,0.5343,7.6187,0.0004
netral,1,0.0007,0.5535,7.6187,0.0004
ormas,1,0.0007,0.6414,7.6187,0.0004
orator,1,0.0007,0.5752,7.6187,0.0004
operasional,1,0.0007,0.5576,7.6187,0.0004
pln,1,0.0007,0.5538,7.6187,0.0004
hitung,1,0.0007,0.5426,7.6187,0.0004
independen,1,0.0007,0.57,7.6187,0.0004
indah,1,0.0007,0.5414,7.6187,0.0004
imbas,1,0.0007,0.6376,7.6187,0.0004
rs,1,0.0007,0.5522,7.6187,0.0004
simpati,1,0.0007,0.5855,7.6187,0.0004
statistik,1,0.0007,0.6417,7.6187,0.0004
bumerang,1,0.0007,0.5687,7.6187,0.0004
standby,1,0.0007,0.5623,7.6187,0.0004
kamu,1,0.0007,0.5373,7.6187,0.0004
muka,1,0.0007,0.5393,7.6187,0.0004
sunat,1,0.0007,0.5305,7.6187,0.0004
bongkar,1,0.0007,0.5486,7.6187,0.0004
momok,1,0.0007,0.5287,7.6187,0.0004
nasib,1,0.0007,0.5611,7.6187,0.0004
nada,2,0.0013,0.3342,7.2133,0.0004
sakarang,1,0.0007,0.6221,7.6187,0.0004
santun,1,0.0007,0.5745,7.6187,0.0004
pondasi,1,0.0007,0.5845,7.6187,0.0004
haram,1,0.0007,0.6228,7.6187,0.0004
id,1,0.0007,0.5721,7.6187,0.0004
polsek,2,0.0013,0.3268,7.2133,0.0004
massal,1,0.0007,0.5305,7.6187,0.0004
sukses,1,0.0007,0.5698,7.6187,0.0004
bijaksana,1,0.0007,0.617,7.6187,0.0004
mimpi,1,0.0007,0.6572,7.6187,0.0004
mesti,1,0.0007,0.5512,7.6187,0.0004
rupa,1,0.0007,0.5704,7.6187,0.0004
profesionalitas,1,0.0007,0.6022,7.6187,0.0004
profesi,1,0.0007,0.6105,7.6187,0.0004
proaktif,1,0.0007,0.6244,7.6187,0.0004
pro,1,0.0007,0.605,7.6187,0.0004
prihatin,1,0.0007,0.5511,7.6187,0.0004
khianat,1,0.0007,0.5899,7.6187,0.0004
ketidakpastian,1,0.0007,0.5625,7.6187,0.0004
ketidakadilan,1,0.0007,0.615,7.6187,0.0004
syukur,1,0.0007,0.613,7.6187,0.0004
belok,1,0.0007,0.6119,7.6187,0.0004
meja,1,0.0007,0.5469,7.6187,0.0004
kepala,1,0.0007,0.534,7.6187,0.0004
kendali,1,0.0007,0.557,7.6187,0.0004
kenang,1,0.0007,0.595,7.6187,0.0004
batas,1,0.0007,0.5302,7.6187,0.0004
masing,1,0.0007,0.5403,7.6187,0.0004
klasik,1,0.0007,0.5425,7.6187,0.0004
konsekuensi,1,0.0007,0.5789,7.6187,0.0004
mbako,1,0.0007,0.5418,7.6187,0.0004
taruh,1,0.0007,0.5327,7.6187,0.0004
bandang,1,0.0007,0.6125,7.6187,0.0004
galak,1,0.0007,0.5393,7.6187,0.0004
rinding,1,0.0007,0.5674,7.6187,0.0004
pura,1,0.0007,0.6735,7.6187,0.0004
halau,1,0.0007,0.5752,7.6187,0.0004
hajat,1,0.0007,0.6448,7.6187,0.0004
tulus,1,0.0007,0.5349,7.6187,0.0004
tubuh,1,0.0007,0.5654,7.6187,0.0004
manusiawi,1,0.0007,0.6022,7.6187,0.0004
kontribusi,1,0.0007,0.5822,7.6187,0.0004
kontra,1,0.0007,0.605,7.6187,0.0004
teriak,1,0.0007,0.5988,7.6187,0.0004
allah,1,0.0007,0.6497,7.6187,0.0004
antarinstansi,1,0.0007,0.5835,7.6187,0.0004
macam,1,0.0007,0.5797,7.6187,0.0004
transportasi,1,0.0007,0.5922,7.6187,0.0004
andai,1,0.0007,0.5924,7.6187,0.0004
rela,1,0.0007,0.6155,7.6187,0.0004
regulasi,1,0.0007,0.5721,7.6187,0.0004
realitanya,1,0.0007,0.5929,7.6187,0.0004
free,2,0.0013,0.3327,7.2133,0.0004
gercep,1,0.0007,0.5617,7.6187,0.0004
rajin,1,0.0007,0.5427,7.6187,0.0004
zaman,1,0.0007,0.6221,7.6187,0.0004
video,2,0.0013,0.3366,7.2133,0.0004
waswas,1,0.0007,0.5914,7.6187,0.0004
abar,1,0.0007,0.4057,7.6187,0.0003
lempar,1,0.0007,0.4127,7.6187,0.0003
kualitas,1,0.0007,0.486,7.6187,0.0003
kriminalitas,1,0.0007,0.4517,7.6187,0.0003
angkot,1,0.0007,0.4361,7.6187,0.0003
arogansi,1,0.0007,0.4204,7.6187,0.0003
aplikasi,1,0.0007,0.5073,7.6187,0.0003
terimakasih,1,0.0007,0.4287,7.6187,0.0003
terik,1,0.0007,0.3791,7.6187,0.0003
tepi,1,0.0007,0.5154,7.6187,0.0003
tle,1,0.0007,0.4423,7.6187,0.0003
alami,1,0.0007,0.4219,7.6187,0.0003
tua,1,0.0007,0.4287,7.6187,0.0003
kosan,1,0.0007,0.4057,7.6187,0.0003
lumbago,1,0.0007,0.3902,7.6187,0.0003
longsor,1,0.0007,0.4067,7.6187,0.0003
lokal,1,0.0007,0.463,7.6187,0.0003
puing,1,0.0007,0.4067,7.6187,0.0003
gencar,1,0.0007,0.438,7.6187,0.0003
gawai,1,0.0007,0.4613,7.6187,0.0003
polantas,1,0.0007,0.4131,7.6187,0.0003
relawan,1,0.0007,0.4419,7.6187,0.0003
rel,1,0.0007,0.4591,7.6187,0.0003
rejeki,1,0.0007,0.4831,7.6187,0.0003
reda,1,0.0007,0.4457,7.6187,0.0003
untuk,1,0.0007,0.4287,7.6187,0.0003
unggah,1,0.0007,0.4652,7.6187,0.0003
garang,1,0.0007,0.4626,7.6187,0.0003
gapura,1,0.0007,0.4553,7.6187,0.0003
forum,1,0.0007,0.4322,7.6187,0.0003
gerai,1,0.0007,0.4043,7.6187,0.0003
ramadhan,1,0.0007,0.4939,7.6187,0.0003
ramadh,1,0.0007,0.4942,7.6187,0.0003
god,1,0.0007,0.4609,7.6187,0.0003
hidup,1,0.0007,0.4589,7.6187,0.0003
rombong,1,0.0007,0.4215,7.6187,0.0003
rindang,1,0.0007,0.4642,7.6187,0.0003
ribu,1,0.0007,0.4038,7.6187,0.0003
etik,1,0.0007,0.4824,7.6187,0.0003
ersangka,1,0.0007,0.4383,7.6187,0.0003
enggan,1,0.0007,0.4582,7.6187,0.0003
endap,1,0.0007,0.4041,7.6187,0.0003
usai,1,0.0007,0.4201,7.6187,0.0003
usah,1,0.0007,0.4931,7.6187,0.0003
remaja,1,0.0007,0.3791,7.6187,0.0003
praktik,1,0.0007,0.5051,7.6187,0.0003
praktek,1,0.0007,0.4101,7.6187,0.0003
puskesmas,1,0.0007,0.4207,7.6187,0.0003
pungutan,1,0.0007,0.4033,7.6187,0.0003
ponsel,1,0.0007,0.5102,7.6187,0.0003
pondar,1,0.0007,0.3781,7.6187,0.0003
pom,1,0.0007,0.505,7.6187,0.0003
huni,1,0.0007,0.4197,7.6187,0.0003
hotline,1,0.0007,0.421,7.6187,0.0003
urai,1,0.0007,0.5112,7.6187,0.0003
respectt,1,0.0007,0.4942,7.6187,0.0003
rutinitas,1,0.0007,0.3791,7.6187,0.0003
rute,1,0.0007,0.4053,7.6187,0.0003
rusmini,1,0.0007,0.4041,7.6187,0.0003
edar,1,0.0007,0.4212,7.6187,0.0003
dunia,1,0.0007,0.3781,7.6187,0.0003
privasi,1,0.0007,0.4177,7.6187,0.0003
gotong,1,0.0007,0.3756,7.6187,0.0003
got,1,0.0007,0.4099,7.6187,0.0003
good,1,0.0007,0.5166,7.6187,0.0003
pingpong,1,0.0007,0.4666,7.6187,0.0003
hoax,1,0.0007,0.3982,7.6187,0.0003
hoaks,1,0.0007,0.4749,7.6187,0.0003
indak,1,0.0007,0.5039,7.6187,0.0003
incar,1,0.0007,0.3824,7.6187,0.0003
implementasi,1,0.0007,0.4186,7.6187,0.0003
festival,1,0.0007,0.4859,7.6187,0.0003
royong,1,0.0007,0.3756,7.6187,0.0003
sambang,1,0.0007,0.466,7.6187,0.0003
salak,1,0.0007,0.5086,7.6187,0.0003
sahur,1,0.0007,0.3953,7.6187,0.0003
sasar,1,0.0007,0.4012,7.6187,0.0003
urut,1,0.0007,0.3949,7.6187,0.0003
postingan,1,0.0007,0.4186,7.6187,0.0003
posko,1,0.0007,0.4237,7.6187,0.0003
posisi,1,0.0007,0.481,7.6187,0.0003
pasif,1,0.0007,0.4873,7.6187,0.0003
perempuan,1,0.0007,0.4197,7.6187,0.0003
pelat,1,0.0007,0.4479,7.6187,0.0003
pelan,1,0.0007,0.3959,7.6187,0.0003
pekan,1,0.0007,0.4531,7.6187,0.0003
peka,1,0.0007,0.4582,7.6187,0.0003
ironis,1,0.0007,0.4626,7.6187,0.0003
domestik,1,0.0007,0.4989,7.6187,0.0003
dokumentasi,1,0.0007,0.3907,7.6187,0.0003
ditanya,1,0.0007,0.4563,7.6187,0.0003
ditahan,1,0.0007,0.4397,7.6187,0.0003
dita,1,0.0007,0.4767,7.6187,0.0003
diskriminatif,1,0.0007,0.5085,7.6187,0.0003
elemen,1,0.0007,0.5029,7.6187,0.0003
sambut,1,0.0007,0.3936,7.6187,0.0003
duga,1,0.0007,0.4648,7.6187,0.0003
pawai,1,0.0007,0.4707,7.6187,0.0003
ilangnya,1,0.0007,0.4383,7.6187,0.0003
ilang,1,0.0007,0.3856,7.6187,0.0003
ikhlas,1,0.0007,0.4563,7.6187,0.0003
insiden,1,0.0007,0.4557,7.6187,0.0003
segar,1,0.0007,0.4716,7.6187,0.0003
segala,1,0.0007,0.4516,7.6187,0.0003
sedikit,1,0.0007,0.3902,7.6187,0.0003
sebulan,1,0.0007,0.4581,7.6187,0.0003
sebel,1,0.0007,0.4282,7.6187,0.0003
sdm,1,0.0007,0.486,7.6187,0.0003
sembako,1,0.0007,0.4647,7.6187,0.0003
selisih,1,0.0007,0.3974,7.6187,0.0003
selenggara,1,0.0007,0.4875,7.6187,0.0003
sektor,1,0.0007,0.5015,7.6187,0.0003
ingat,1,0.0007,0.4977,7.6187,0.0003
jari,1,0.0007,0.376,7.6187,0.0003
sekali,1,0.0007,0.4596,7.6187,0.0003
dinego,1,0.0007,0.4396,7.6187,0.0003
dicek,1,0.0007,0.4,7.6187,0.0003
dhani,1,0.0007,0.4038,7.6187,0.0003
dishub,1,0.0007,0.5178,7.6187,0.0003
sejahtera,1,0.0007,0.5034,7.6187,0.0003
jalin,1,0.0007,0.3821,7.6187,0.0003
pagar,1,0.0007,0.4635,7.6187,0.0003
padat,1,0.0007,0.4591,7.6187,0.0003
overload,1,0.0007,0.4036,7.6187,0.0003
izin,1,0.0007,0.3802,7.6187,0.0003
isyarat,1,0.0007,0.4342,7.6187,0.0003
isa,1,0.0007,0.4767,7.6187,0.0003
pandemi,1,0.0007,0.4647,7.6187,0.0003
pam,1,0.0007,0.3789,7.6187,0.0003
copet,1,0.0007,0.4559,7.6187,0.0003
coba,1,0.0007,0.4251,7.6187,0.0003
cerita,1,0.0007,0.5143,7.6187,0.0003
cerdas,1,0.0007,0.4716,7.6187,0.0003
disalahgunakan,1,0.0007,0.4132,7.6187,0.0003
sepak,1,0.0007,0.4097,7.6187,0.0003
senyap,1,0.0007,0.5176,7.6187,0.0003
senin,1,0.0007,0.3936,7.6187,0.0003
sembarang,1,0.0007,0.4364,7.6187,0.0003
shift,1,0.0007,0.3789,7.6187,0.0003
dadak,1,0.0007,0.4135,7.6187,0.0003
desak,1,0.0007,0.4297,7.6187,0.0003
seksual,1,0.0007,0.4253,7.6187,0.0003
job,1,0.0007,0.5166,7.6187,0.0003
jiwa,1,0.0007,0.477,7.6187,0.0003
jejak,1,0.0007,0.3856,7.6187,0.0003
on,1,0.0007,0.434,7.6187,0.0003
oke,1,0.0007,0.4254,7.6187,0.0003
nyebrangin,1,0.0007,0.4658,7.6187,0.0003
ulah,1,0.0007,0.5179,7.6187,0.0003
ukur,1,0.0007,0.4456,7.6187,0.0003
ugalan,1,0.0007,0.446,7.6187,0.0003
ugal,1,0.0007,0.446,7.6187,0.0003
ucap,1,0.0007,0.4287,7.6187,0.0003
turis,1,0.0007,0.4012,7.6187,0.0003
palak,1,0.0007,0.4145,7.6187,0.0003
nol,1,0.0007,0.4101,7.6187,0.0003
setor,1,0.0007,0.4071,7.6187,0.0003
setop,1,0.0007,0.4966,7.6187,0.0003
seringkali,1,0.0007,0.4145,7.6187,0.0003
sepi,1,0.0007,0.3985,7.6187,0.0003
sepakat,1,0.0007,0.4444,7.6187,0.0003
kapan,1,0.0007,0.4775,7.6187,0.0003
kampanye,1,0.0007,0.438,7.6187,0.0003
nya,1,0.0007,0.3789,7.6187,0.0003
nonstop,1,0.0007,0.4942,7.6187,0.0003
silaturahmi,1,0.0007,0.3821,7.6187,0.0003
sidik,1,0.0007,0.376,7.6187,0.0003
sibar,1,0.0007,0.4186,7.6187,0.0003
cekcok,1,0.0007,0.4225,7.6187,0.0003
camat,1,0.0007,0.5145,7.6187,0.0003
cam,1,0.0007,0.3907,7.6187,0.0003
sheila,1,0.0007,0.434,7.6187,0.0003
nikah,1,0.0007,0.4962,7.6187,0.0003
ngebut,1,0.0007,0.4132,7.6187,0.0003
nenek,1,0.0007,0.4648,7.6187,0.0003
kaku,1,0.0007,0.4149,7.6187,0.0003
nyebrang,1,0.0007,0.4872,7.6187,0.0003
nanya,1,0.0007,0.4447,7.6187,0.0003
nakes,1,0.0007,0.4254,7.6187,0.0003
nakal,1,0.0007,0.3791,7.6187,0.0003
musik,1,0.0007,0.4253,7.6187,0.0003
kemudian,1,0.0007,0.4078,7.6187,0.0003
siti,1,0.0007,0.4041,7.6187,0.0003
simulasi,1,0.0007,0.4379,7.6187,0.0003
simpatik,1,0.0007,0.3827,7.6187,0.0003
stasiun,1,0.0007,0.4657,7.6187,0.0003
bunyi,1,0.0007,0.3959,7.6187,0.0003
bundar,1,0.0007,0.4534,7.6187,0.0003
nyala,1,0.0007,0.4029,7.6187,0.0003
junjung,1,0.0007,0.5185,7.6187,0.0003
kapolri,1,0.0007,0.3873,7.6187,0.0003
kapolresta,1,0.0007,0.4862,7.6187,0.0003
kapolr,1,0.0007,0.423,7.6187,0.0003
muncul,1,0.0007,0.4374,7.6187,0.0003
kejar,1,0.0007,0.4673,7.6187,0.0003
kawasan,1,0.0007,0.3773,7.6187,0.0003
spekulasi,1,0.0007,0.4374,7.6187,0.0003
bpn,1,0.0007,0.4456,7.6187,0.0003
bpbd,1,0.0007,0.4934,7.6187,0.0003
bolak,1,0.0007,0.3963,7.6187,0.0003
body,1,0.0007,0.3907,7.6187,0.0003
bless,1,0.0007,0.4609,7.6187,0.0003
bising,1,0.0007,0.4253,7.6187,0.0003
bis,1,0.0007,0.4118,7.6187,0.0003
muda,1,0.0007,0.3779,7.6187,0.0003
modernisasi,1,0.0007,0.5193,7.6187,0.0003
natal,1,0.0007,0.4835,7.6187,0.0003
nasional,1,0.0007,0.438,7.6187,0.0003
narkoba,1,0.0007,0.4212,7.6187,0.0003
kasihan,1,0.0007,0.4931,7.6187,0.0003
kereta,1,0.0007,0.4591,7.6187,0.0003
sukarelawan,1,0.0007,0.4612,7.6187,0.0003
suci,1,0.0007,0.5045,7.6187,0.0003
stunting,1,0.0007,0.4792,7.6187,0.0003
bincang,1,0.0007,0.4909,7.6187,0.0003
bidang,1,0.0007,0.4517,7.6187,0.0003
biaya,1,0.0007,0.4633,7.6187,0.0003
biadab,1,0.0007,0.4188,7.6187,0.0003
betul,1,0.0007,0.4599,7.6187,0.0003
besok,1,0.0007,0.4011,7.6187,0.0003
stabilitas,1,0.0007,0.438,7.6187,0.0003
minimarket,1,0.0007,0.4646,7.6187,0.0003
merespon,1,0.0007,0.4582,7.6187,0.0003
menyebrang,1,0.0007,0.4364,7.6187,0.0003
mungut,1,0.0007,0.4505,7.6187,0.0003
mampir,1,0.0007,0.4596,7.6187,0.0003
syarat,1,0.0007,0.3866,7.6187,0.0003
supir,1,0.0007,0.4774,7.6187,0.0003
tanggulang,1,0.0007,0.4939,7.6187,0.0003
berisik,1,0.0007,0.3831,7.6187,0.0003
beres,1,0.0007,0.3824,7.6187,0.0003
beratmya,1,0.0007,0.4463,7.6187,0.0003
berangkat,1,0.0007,0.4446,7.6187,0.0003
bentrok,1,0.0007,0.4165,7.6187,0.0003
belum,1,0.0007,0.3773,7.6187,0.0003
beliung,1,0.0007,0.3884,7.6187,0.0003
birokratis,1,0.0007,0.3802,7.6187,0.0003
menang,1,0.0007,0.3781,7.6187,0.0003
mena,1,0.0007,0.4127,7.6187,0.0003
medsos,1,0.0007,0.4192,7.6187,0.0003
miskin,1,0.0007,0.4466,7.6187,0.0003
banding,1,0.0007,0.4027,7.6187,0.0003
tenda,1,0.0007,0.4553,7.6187,0.0003
telepon,1,0.0007,0.4078,7.6187,0.0003
begitu,1,0.0007,0.5031,7.6187,0.0003
begal,1,0.0007,0.3989,7.6187,0.0003
tangga,1,0.0007,0.4041,7.6187,0.0003
tampung,1,0.0007,0.4722,7.6187,0.0003
tampil,1,0.0007,0.434,7.6187,0.0003
teguh,1,0.0007,0.5046,7.6187,0.0003
baliho,1,0.0007,0.4749,7.6187,0.0003
bazar,1,0.0007,0.5082,7.6187,0.0003
masker,1,0.0007,0.4419,7.6187,0.0003
maren,1,0.0007,0.4556,7.6187,0.0003
mentang,1,0.0007,0.4516,7.6187,0.0003
mengapa,1,0.0007,0.4666,7.6187,0.0003
ketat,1,0.0007,0.4231,7.6187,0.0003
mampet,1,0.0007,0.4099,7.6187,0.0003
matang,1,0.0007,0.4599,7.6187,0.0003
komplek,1,0.0007,0.5191,7.6187,0.0003
kompak,1,0.0007,0.4102,7.6187,0.0003
komando,1,0.0007,0.4067,7.6187,0.0003
kolaborasi,1,0.0007,0.4856,7.6187,0.0003
kode,1,0.0007,0.4824,7.6187,0.0003
matahari,1,0.0007,0.3791,7.6187,0.0003
marak,1,0.0007,0.3953,7.6187,0.0003
barikade,1,0.0007,0.383,7.6187,0.0003
tebak,1,0.0007,0.4757,7.6187,0.0003
tawur,1,0.0007,0.4534,7.6187,0.0003
tau,1,0.0007,0.4594,7.6187,0.0003
tanjak,1,0.0007,0.4856,7.6187,0.0003
tenggelam,1,0.0007,0.5092,7.6187,0.0003
bangku,1,0.0007,0.4302,7.6187,0.0003
atlet,1,0.0007,0.4116,7.6187,0.0003
amplop,1,0.0007,0.4036,7.6187,0.0003
amburadul,1,0.0007,0.518,7.6187,0.0003
telat,1,0.0007,0.3941,7.6187,0.0003
tumpang,1,0.0007,0.4118,7.6187,0.0003
tumbang,1,0.0007,0.4102,7.6187,0.0003
asn,1,0.0007,0.4789,7.6187,0.0003
asih,1,0.0007,0.4277,7.6187,0.0003
balap,1,0.0007,0.3993,7.6187,0.0003
bahan,1,0.0007,0.5207,7.6187,0.0003
batal,1,0.0007,0.4038,7.6187,0.0003
kooperatif,1,0.0007,0.4933,7.6187,0.0003
kontainer,1,0.0007,0.506,7.6187,0.0003
konkret,1,0.0007,0.3755,7.6187,0.0003
konflik,1,0.0007,0.3936,7.6187,0.0003
mandir,1,0.0007,0.3781,7.6187,0.0003
logistik,1,0.0007,0.5119,7.6187,0.0003
liput,1,0.0007,0.4255,7.6187,0.0003
linmas,1,0.0007,0.5138,7.6187,0.0003
makam,1,0.0007,0.4635,7.6187,0.0003
mahluk,1,0.0007,0.4463,7.6187,0.0003
mah,1,0.0007,0.4466,7.6187,0.0003
macem,1,0.0007,0.5049,7.6187,0.0003
lah,1,0.0007,0.4565,7.6187,0.0003
trauma,1,0.0007,0.4029,7.6187,0.0003
tetangga,1,0.0007,0.4436,7.6187,0.0003
tes,1,0.0007,0.4928,7.6187,0.0003
antriannya,1,0.0007,0.376,7.6187,0.0003
antrian,1,0.0007,0.3949,7.6187,0.0003
baca,1,0.0007,0.4081,7.6187,0.0003
ayo,1,0.0007,0.5029,7.6187,0.0003
awal,1,0.0007,0.3941,7.6187,0.0003
valid,1,0.0007,0.3982,7.6187,0.0003
alun,1,0.0007,0.4395,7.6187,0.0003
toleransi,1,0.0007,0.434,7.6187,0.0003
tolak,1,0.0007,0.4214,7.6187,0.0003
tokoh,1,0.0007,0.4635,7.6187,0.0003
you,1,0.0007,0.4609,7.6187,0.0003
wibawa,1,0.0007,0.4931,7.6187,0.0003
aba,1,0.0007,0.5144,7.6187,0.0003
ahmad,1,0.0007,0.4038,7.6187,0.0003
agustus,1,0.0007,0.4201,7.6187,0.0003
licik,1,0.0007,0.4121,7.6187,0.0003
libur,1,0.0007,0.4407,7.6187,0.0003
liar,1,0.0007,0.3993,7.6187,0.0003
les,1,0.0007,0.4116,7.6187,0.0003
lepas,1,0.0007,0.4478,7.6187,0.0003
lempem,1,0.0007,0.4709,7.6187,0.0003
ramadan,1,0.0007,0.3953,7.6187,0.0003
rahasia,1,0.0007,0.4188,7.6187,0.0003
raga,1,0.0007,0.477,7.6187,0.0003
puting,1,0.0007,0.3884,7.6187,0.0003
puter,1,0.0007,0.5119,7.6187,0.0003
premanisme,1,0.0007,0.5014,7.6187,0.0003
akting,1,0.0007,0.3781,7.6187,0.0003
ajang,1,0.0007,0.4071,7.6187,0.0003
latar,1,0.0007,0.4531,7.6187,0.0003
lari,1,0.0007,0.4116,7.6187,0.0003
lantas,1,0.0007,0.4302,7.6187,0.0003
timbang,1,0.0007,0.45,7.6187,0.0003
trail,1,0.0007,0.4977,7.6187,0.0003
total,1,0.0007,0.4368,7.6187,0.0003
tongkrong,1,0.0007,0.4984,7.6187,0.0003
verifikasi,1,0.0007,0.4057,7.6187,0.0003
warganet,1,0.0007,0.3317,7.6187,0.0002
warna,1,0.0007,0.3693,7.6187,0.0002
yatim,1,0.0007,0.3727,7.6187,0.0002
to,1,0.0007,0.3296,7.6187,0.0002
toa,1,0.0007,0.3329,7.6187,0.0002
tukang,1,0.0007,0.3734,7.6187,0.0002
telusur,1,0.0007,0.3411,7.6187,0.0002
temui,1,0.0007,0.3714,7.6187,0.0002
tambal,1,0.0007,0.3198,7.6187,0.0002
sweeping,1,0.0007,0.3522,7.6187,0.0002
solid,1,0.0007,0.3577,7.6187,0.0002
sempit,1,0.0007,0.3623,7.6187,0.0002
segan,1,0.0007,0.3317,7.6187,0.0002
samsat,1,0.0007,0.3648,7.6187,0.0002
satlantas,1,0.0007,0.3616,7.6187,0.0002
salin,1,0.0007,0.3566,7.6187,0.0002
rinc,1,0.0007,0.363,7.6187,0.0002
pesan,1,0.0007,0.3329,7.6187,0.0002
per,1,0.0007,0.3114,7.6187,0.0002
pecah,1,0.0007,0.3567,7.6187,0.0002
pandu,1,0.0007,0.3708,7.6187,0.0002
palem,1,0.0007,0.361,7.6187,0.0002
ojek,1,0.0007,0.3734,7.6187,0.0002
mall,1,0.0007,0.3727,7.6187,0.0002
make,1,0.0007,0.3108,7.6187,0.0002
loket,1,0.0007,0.3708,7.6187,0.0002
lima,1,0.0007,0.3742,7.6187,0.0002
lacar,1,0.0007,0.3289,7.6187,0.0002
knalpot,1,0.0007,0.3522,7.6187,0.0002
kemaren,1,0.0007,0.3108,7.6187,0.0002
jarak,1,0.0007,0.372,7.6187,0.0002
instagram,1,0.0007,0.3481,7.6187,0.0002
idul,1,0.0007,0.372,7.6187,0.0002
imei,1,0.0007,0.3411,7.6187,0.0002
halaman,1,0.0007,0.3196,7.6187,0.0002
gilaa,1,0.0007,0.3108,7.6187,0.0002
update,1,0.0007,0.3481,7.6187,0.0002
entah,1,0.0007,0.3593,7.6187,0.0002
fitri,1,0.0007,0.372,7.6187,0.0002
diadakan,1,0.0007,0.3114,7.6187,0.0002
defensif,1,0.0007,0.3317,7.6187,0.0002
dagang,1,0.0007,0.3742,7.6187,0.0002
dateng,1,0.0007,0.3593,7.6187,0.0002
brong,1,0.0007,0.3522,7.6187,0.0002
bentak,1,0.0007,0.3742,7.6187,0.0002
bandel,1,0.0007,0.3714,7.6187,0.0002
bap,1,0.0007,0.3566,7.6187,0.0002
bahas,1,0.0007,0.3708,7.6187,0.0002
baju,1,0.0007,0.3727,7.6187,0.0002
aya,1,0.0007,0.3522,7.6187,0.0002
ayah,1,0.0007,0.3708,7.6187,0.0002
antusias,1,0.0007,0.3676,7.6187,0.0002
arogan,1,0.0007,0.3714,7.6187,0.0002
walaupun,1,0.0007,0.3411,7.6187,0.0002
